{"cameraMode":{"drawMode":0,"name":"Shaded","section":"Shading Mode"},"sceneLighting":false,"audioPlay":false,"sceneViewState":{"showFog":false,"showMaterialUpdate":false,"showSkybox":true,"showFlares":false,"showImageEffects":false,"showParticleSystems":true},"in2DMode":false,"pivot":{"x":-7.449806213378906,"y":5.115157604217529,"z":-7.317755222320557},"rotation":{"x":-0.07996382564306259,"y":0.12408249080181122,"z":0.010033098049461842,"w":0.9889938235282898},"size":4.420830249786377,"orthographic":false}