{"cameraMode":{"drawMode":0,"name":"Shaded","section":"Shading Mode"},"sceneLighting":false,"audioPlay":false,"sceneViewState":{"showFog":false,"showMaterialUpdate":false,"showSkybox":true,"showFlares":false,"showImageEffects":false,"showParticleSystems":true},"in2DMode":false,"pivot":{"x":2.516148567199707,"y":5.171069145202637,"z":0.6456304788589478},"rotation":{"x":0.1004210039973259,"y":-0.8232335448265076,"z":0.15391121804714204,"w":0.5371346473693848},"size":2.8578836917877199,"orthographic":false}