{"cameraMode":{"drawMode":0,"name":"Shaded","section":"Shading Mode"},"sceneLighting":true,"audioPlay":false,"sceneViewState":{"showFog":false,"showMaterialUpdate":false,"showSkybox":false,"showFlares":false,"showImageEffects":false,"showParticleSystems":false},"in2DMode":false,"pivot":{"x":35.68849182128906,"y":-6.722790241241455,"z":46.7244987487793},"rotation":{"x":-0.06950490921735764,"y":-0.38270604610443118,"z":0.0288867074996233,"w":-0.9207989573478699},"size":59.63967514038086,"orthographic":false}