{"cameraMode":{"drawMode":0,"name":"Shaded","section":"Shading Mode"},"sceneLighting":true,"audioPlay":false,"sceneViewState":{"showFog":false,"showMaterialUpdate":false,"showSkybox":false,"showFlares":false,"showImageEffects":false,"showParticleSystems":false},"in2DMode":false,"pivot":{"x":-12.466087341308594,"y":2.582054615020752,"z":52.208065032958987},"rotation":{"x":0.07502713054418564,"y":-0.0803748294711113,"z":0.006068616174161434,"w":0.9939185380935669},"size":59.63967514038086,"orthographic":false}