{"cameraMode":{"drawMode":0,"name":"Shaded","section":"Shading Mode"},"sceneLighting":false,"audioPlay":false,"sceneViewState":{"showFog":false,"showMaterialUpdate":false,"showSkybox":true,"showFlares":false,"showImageEffects":false,"showParticleSystems":true},"in2DMode":false,"pivot":{"x":-0.4423566162586212,"y":0.917523205280304,"z":-1.783063292503357},"rotation":{"x":-0.29823410511016848,"y":-0.052372027188539508,"z":0.016390910372138025,"w":-0.9529139399528503},"size":0.00005715767838410102,"orthographic":false}