{"cameraMode":{"drawMode":0,"name":"Shaded","section":"Shading Mode"},"sceneLighting":true,"audioPlay":false,"sceneViewState":{"showFog":false,"showMaterialUpdate":false,"showSkybox":true,"showFlares":false,"showImageEffects":false,"showParticleSystems":true},"in2DMode":false,"pivot":{"x":-8.742842674255371,"y":0.5371336936950684,"z":14.540608406066895},"rotation":{"x":-0.08406509459018707,"y":0.06332546472549439,"z":-0.0053548249416053299,"w":-0.9944316744804382},"size":22.0,"orthographic":false}