{"cameraMode":{"drawMode":0,"name":"Shaded","section":"Shading Mode"},"sceneLighting":false,"audioPlay":false,"sceneViewState":{"showFog":false,"showMaterialUpdate":false,"showSkybox":true,"showFlares":false,"showImageEffects":false,"showParticleSystems":true},"in2DMode":false,"pivot":{"x":3.9192090034484865,"y":5.068717956542969,"z":3.3438961505889894},"rotation":{"x":0.11308637261390686,"y":-0.6858416795730591,"z":0.10915148258209229,"w":0.7105762958526611},"size":2.8578836917877199,"orthographic":false}