{"cameraMode":{"drawMode":0,"name":"Shaded","section":"Shading Mode"},"sceneLighting":true,"audioPlay":false,"sceneViewState":{"showFog":false,"showMaterialUpdate":false,"showSkybox":true,"showFlares":false,"showImageEffects":false,"showParticleSystems":true},"in2DMode":false,"pivot":{"x":-84.8543472290039,"y":-30.130218505859376,"z":79.63797760009766},"rotation":{"x":0.11927547305822373,"y":-0.44413748383522036,"z":0.05979377031326294,"w":0.8859684467315674},"size":147.7552032470703,"orthographic":false}