{"cameraMode":{"drawMode":0,"name":"Shaded","section":"Shading Mode"},"sceneLighting":false,"audioPlay":false,"sceneViewState":{"showFog":false,"showMaterialUpdate":false,"showSkybox":false,"showFlares":false,"showImageEffects":false,"showParticleSystems":false},"in2DMode":false,"pivot":{"x":2.7520673274993898,"y":-0.6536705493927002,"z":3.4115898609161379},"rotation":{"x":0.09795452654361725,"y":0.3614594340324402,"z":-0.03821670636534691,"w":0.9264402389526367},"size":6.422550201416016,"orthographic":false}