{"cameraMode":{"drawMode":0,"name":"Shaded","section":"Shading Mode"},"sceneLighting":true,"audioPlay":false,"sceneViewState":{"showFog":false,"showMaterialUpdate":false,"showSkybox":false,"showFlares":false,"showImageEffects":false,"showParticleSystems":false},"in2DMode":false,"pivot":{"x":-7.932248115539551,"y":2.6148035526275636,"z":-9.706467628479004},"rotation":{"x":0.046490345150232318,"y":0.12020067870616913,"z":-0.005633387248963118,"w":0.9916445016860962},"size":9.726607322692871,"orthographic":false}