{"cameraMode":{"drawMode":0,"name":"Shaded","section":"Shading Mode"},"sceneLighting":true,"audioPlay":false,"sceneViewState":{"showFog":false,"showMaterialUpdate":false,"showSkybox":false,"showFlares":false,"showImageEffects":false,"showParticleSystems":false},"in2DMode":false,"pivot":{"x":-14.385489463806153,"y":9.117204666137696,"z":-4.702875137329102},"rotation":{"x":0.1454942524433136,"y":0.30112922191619875,"z":-0.04654278978705406,"w":0.9412685036659241},"size":9.726607322692871,"orthographic":false}