{"cameraMode":{"drawMode":0,"name":"Shaded","section":"Shading Mode"},"sceneLighting":true,"audioPlay":false,"sceneViewState":{"showFog":true,"showMaterialUpdate":true,"showSkybox":true,"showFlares":true,"showImageEffects":true,"showParticleSystems":true},"in2DMode":false,"pivot":{"x":-20.472200393676759,"y":-1.5536208152770997,"z":0.6533823013305664},"rotation":{"x":0.3343890905380249,"y":0.11215749382972717,"z":-0.04011683538556099,"w":0.9348771572113037},"size":16.12230110168457,"orthographic":false}