{"cameraMode":{"drawMode":0,"name":"Shaded","section":"Shading Mode"},"sceneLighting":false,"audioPlay":false,"sceneViewState":{"showFog":true,"showMaterialUpdate":false,"showSkybox":true,"showFlares":true,"showImageEffects":true,"showParticleSystems":true},"in2DMode":false,"pivot":{"x":-1.5865817070007325,"y":1.395939826965332,"z":-1.9776558876037598},"rotation":{"x":0.2199110984802246,"y":0.24930430948734284,"z":-0.05824219062924385,"w":0.9413259029388428},"size":7.27609920501709,"orthographic":false}