{"cameraMode":{"drawMode":0,"name":"Shaded","section":"Shading Mode"},"sceneLighting":true,"audioPlay":false,"sceneViewState":{"showFog":true,"showMaterialUpdate":false,"showSkybox":true,"showFlares":true,"showImageEffects":true,"showParticleSystems":true},"in2DMode":false,"pivot":{"x":-6.31168270111084,"y":0.3229687511920929,"z":-0.013999171555042267},"rotation":{"x":0.227134108543396,"y":0.1635746955871582,"z":-0.03873192518949509,"w":0.9592462182044983},"size":7.635713577270508,"orthographic":false}