{"cameraMode":{"drawMode":0,"name":"Shaded","section":"Shading Mode"},"sceneLighting":false,"audioPlay":false,"sceneViewState":{"showFog":true,"showMaterialUpdate":false,"showSkybox":true,"showFlares":true,"showImageEffects":true,"showParticleSystems":true},"in2DMode":false,"pivot":{"x":-3.4053430557250978,"y":-1.6320667266845704,"z":-0.38881874084472659},"rotation":{"x":0.1862403303384781,"y":0.3350830376148224,"z":-0.06775100529193878,"w":0.9211100935935974},"size":45.81403350830078,"orthographic":false}