{"cameraMode":{"drawMode":0,"name":"Shaded","section":"Shading Mode"},"sceneLighting":false,"audioPlay":false,"sceneViewState":{"showFog":true,"showMaterialUpdate":false,"showSkybox":true,"showFlares":true,"showImageEffects":true,"showParticleSystems":true},"in2DMode":false,"pivot":{"x":6.568212509155273,"y":18.3756160736084,"z":4.363154888153076},"rotation":{"x":0.06435870379209519,"y":0.33602654933929446,"z":-0.023025279864668847,"w":0.9393689036369324},"size":0.03786194324493408,"orthographic":false}