{"cameraMode":{"drawMode":0,"name":"Shaded","section":"Shading Mode"},"sceneLighting":true,"audioPlay":false,"sceneViewState":{"showFog":true,"showMaterialUpdate":true,"showSkybox":true,"showFlares":true,"showImageEffects":true,"showParticleSystems":true},"in2DMode":false,"pivot":{"x":-27.62079429626465,"y":-0.5518741607666016,"z":-2.6295204162597658},"rotation":{"x":0.22602172195911408,"y":-0.009351727552711964,"z":0.002169790444895625,"w":0.9740749597549439},"size":25.244525909423829,"orthographic":false}