{"cameraMode":{"drawMode":0,"name":"Shaded","section":"Shading Mode"},"sceneLighting":true,"audioPlay":false,"sceneViewState":{"showFog":true,"showMaterialUpdate":false,"showSkybox":true,"showFlares":true,"showImageEffects":true,"showParticleSystems":true},"in2DMode":false,"pivot":{"x":-13.192874908447266,"y":4.623375415802002,"z":-1.3213820457458497},"rotation":{"x":0.4274679124355316,"y":-0.13395340740680695,"z":0.06421205401420593,"w":0.8917424082756043},"size":18.830970764160158,"orthographic":false}