{"cameraMode":{"drawMode":0,"name":"Shaded","section":"Shading Mode"},"sceneLighting":false,"audioPlay":false,"sceneViewState":{"showFog":true,"showMaterialUpdate":false,"showSkybox":true,"showFlares":true,"showImageEffects":true,"showParticleSystems":true},"in2DMode":false,"pivot":{"x":1.7539281845092774,"y":2.089542865753174,"z":-0.03946399688720703},"rotation":{"x":0.09979373216629029,"y":0.2575300335884094,"z":-0.026750458404421808,"w":0.9607309699058533},"size":17.493711471557618,"orthographic":false}