{"cameraMode":{"drawMode":0,"name":"Shaded","section":"Shading Mode"},"sceneLighting":false,"audioPlay":false,"sceneViewState":{"showFog":true,"showMaterialUpdate":false,"showSkybox":true,"showFlares":true,"showImageEffects":true,"showParticleSystems":true},"in2DMode":false,"pivot":{"x":0.06656187772750855,"y":1.3295059204101563,"z":0.036833226680755618},"rotation":{"x":0.16248857975006104,"y":-0.05827958509325981,"z":0.009614414535462857,"w":0.9849409461021423},"size":5.730453968048096,"orthographic":false}