{"cameraMode":{"drawMode":0,"name":"Shaded","section":"Shading Mode"},"sceneLighting":false,"audioPlay":false,"sceneViewState":{"showFog":true,"showMaterialUpdate":false,"showSkybox":true,"showFlares":true,"showImageEffects":true,"showParticleSystems":true},"in2DMode":false,"pivot":{"x":-0.638617217540741,"y":4.80239200592041,"z":-10.435511589050293},"rotation":{"x":-0.11238634586334229,"y":0.8228741884231567,"z":-0.17487497627735139,"w":-0.5288346409797669},"size":21.20741081237793,"orthographic":false}