{"cameraMode":{"drawMode":0,"name":"Shaded","section":"Shading Mode"},"sceneLighting":true,"audioPlay":false,"sceneViewState":{"showFog":true,"showMaterialUpdate":false,"showSkybox":true,"showFlares":true,"showImageEffects":true,"showParticleSystems":true},"in2DMode":false,"pivot":{"x":3.7053308486938478,"y":2.402738571166992,"z":-3.457608461380005},"rotation":{"x":0.24288992583751679,"y":0.020369527861475946,"z":-0.005101076792925596,"w":0.9698265790939331},"size":14.340559959411621,"orthographic":false}