{"cameraMode":{"drawMode":0,"name":"Shaded","section":"Shading Mode"},"sceneLighting":false,"audioPlay":false,"sceneViewState":{"showFog":true,"showMaterialUpdate":false,"showSkybox":true,"showFlares":true,"showImageEffects":true,"showParticleSystems":true},"in2DMode":false,"pivot":{"x":-3.559432029724121,"y":3.6011176109313967,"z":-0.6120249032974243},"rotation":{"x":0.2682403326034546,"y":0.4339720606803894,"z":-0.1371016800403595,"w":0.8490692973136902},"size":6.781354904174805,"orthographic":false}