{"cameraMode":{"drawMode":0,"name":"Shaded","section":"Shading Mode"},"sceneLighting":false,"audioPlay":false,"sceneViewState":{"showFog":true,"showMaterialUpdate":true,"showSkybox":true,"showFlares":true,"showImageEffects":true,"showParticleSystems":true},"in2DMode":false,"pivot":{"x":-5.405688762664795,"y":-1.8181228637695313,"z":-0.865973949432373},"rotation":{"x":0.3552915155887604,"y":0.4729161262512207,"z":-0.21631841361522675,"w":0.776739776134491},"size":11.513311386108399,"orthographic":false}