{"cameraMode":{"drawMode":0,"name":"Shaded","section":"Shading Mode"},"sceneLighting":false,"audioPlay":false,"sceneViewState":{"showFog":true,"showMaterialUpdate":false,"showSkybox":true,"showFlares":true,"showImageEffects":true,"showParticleSystems":true},"in2DMode":false,"pivot":{"x":1.860775113105774,"y":3.731449604034424,"z":-1.585010290145874},"rotation":{"x":-0.24206572771072389,"y":0.16980767250061036,"z":-0.0430738665163517,"w":-0.9543135166168213},"size":3.9483461380004885,"orthographic":false}