{"cameraMode":{"drawMode":0,"name":"Shaded","section":"Shading Mode"},"sceneLighting":false,"audioPlay":false,"sceneViewState":{"showFog":true,"showMaterialUpdate":false,"showSkybox":true,"showFlares":true,"showImageEffects":true,"showParticleSystems":true},"in2DMode":false,"pivot":{"x":-0.022034838795661928,"y":0.3229687511920929,"z":-0.01830393821001053},"rotation":{"x":-0.1597687304019928,"y":0.023386284708976747,"z":-0.0037860176526010038,"w":-0.9868702292442322},"size":0.326665461063385,"orthographic":false}