{"cameraMode":{"drawMode":0,"name":"Shaded","section":"Shading Mode"},"sceneLighting":false,"audioPlay":false,"sceneViewState":{"showFog":true,"showMaterialUpdate":false,"showSkybox":true,"showFlares":true,"showImageEffects":true,"showParticleSystems":true},"in2DMode":false,"pivot":{"x":-6.311682224273682,"y":0.3229687213897705,"z":-0.013999126851558686},"rotation":{"x":0.227134108543396,"y":0.1635746955871582,"z":-0.03873192518949509,"w":0.9592462182044983},"size":1.4913032054901124,"orthographic":false}