{"cameraMode":{"drawMode":0,"name":"Shaded","section":"Shading Mode"},"sceneLighting":false,"audioPlay":false,"sceneViewState":{"showFog":true,"showMaterialUpdate":true,"showSkybox":true,"showFlares":true,"showImageEffects":true,"showParticleSystems":true},"in2DMode":false,"pivot":{"x":-0.009329915046691895,"y":0.9865002632141113,"z":0.03431713581085205},"rotation":{"x":0.2738340198993683,"y":0.38847899436950686,"z":-0.12208964675664902,"w":0.8713169097900391},"size":2.163168430328369,"orthographic":false}