{"cameraMode":{"drawMode":0,"name":"Shaded","section":"Shading Mode"},"sceneLighting":false,"audioPlay":false,"sceneViewState":{"showFog":true,"showMaterialUpdate":false,"showSkybox":true,"showFlares":true,"showImageEffects":true,"showParticleSystems":true},"in2DMode":false,"pivot":{"x":0.1951625943183899,"y":0.3356350064277649,"z":0.0},"rotation":{"x":-0.2770371437072754,"y":-0.06710205972194672,"z":0.019396953284740449,"w":-0.9583170413970947},"size":3.9483461380004885,"orthographic":false}