{"cameraMode":{"drawMode":0,"name":"Shaded","section":"Shading Mode"},"sceneLighting":false,"audioPlay":false,"sceneViewState":{"showFog":true,"showMaterialUpdate":false,"showSkybox":true,"showFlares":true,"showImageEffects":true,"showParticleSystems":true},"in2DMode":false,"pivot":{"x":0.34777653217315676,"y":1.2548760175704957,"z":-0.14726221561431886},"rotation":{"x":0.227134108543396,"y":0.1635746955871582,"z":-0.03873192518949509,"w":0.9592462182044983},"size":3.5253729820251467,"orthographic":false}